{"cameraMode":{"drawMode":0,"name":"Shaded","section":"Shading Mode"},"sceneLighting":true,"audioPlay":false,"sceneViewState":{"showFog":true,"showMaterialUpdate":false,"showSkybox":true,"showFlares":true,"showImageEffects":true,"showParticleSystems":true},"in2DMode":false,"pivot":{"x":8.297109603881836,"y":5.709036350250244,"z":4.371504306793213},"rotation":{"x":0.056303877383470538,"y":0.2858138978481293,"z":-0.016871273517608644,"w":0.9565296769142151},"size":7.324711322784424,"orthographic":false}