{"cameraMode":{"drawMode":0,"name":"Shaded","section":"Shading Mode"},"sceneLighting":true,"audioPlay":false,"sceneViewState":{"showFog":true,"showMaterialUpdate":false,"showSkybox":true,"showFlares":true,"showImageEffects":true,"showParticleSystems":true},"in2DMode":false,"pivot":{"x":222.46649169921876,"y":158.25238037109376,"z":-13.376068115234375},"rotation":{"x":0.02818533591926098,"y":-0.009898774325847626,"z":-0.00027919065905734897,"w":-0.9995533227920532},"size":349.62408447265627,"orthographic":false}